{
    "rmse": 0.6744968884912833,
    "mae": 0.5399329942789207,
    "r2": 0.2147640947841679
}