{
    "rmse": 0.6835791815969052,
    "mae": 0.5394445525515328,
    "r2": 0.2147865946686358
}