{
    "rmse": 0.6739815711193778,
    "mae": 0.5406283270770208,
    "r2": 0.2684872044630704
}